Ref,Val,Package,PosX,PosY,Rot,Side
"SW1","SW_Push","SW_Cherry_MX_1.00u_PCB",126.365000,-61.595000,0.000000,top
"SW2","SW_Push","SW_Cherry_MX_1.00u_PCB",107.315000,-80.645000,0.000000,top
"SW3","SW_Push","SW_Cherry_MX_1.00u_PCB",126.365000,-80.645000,0.000000,top
"SW4","SW_Push","SW_Cherry_MX_1.00u_PCB",145.415000,-80.645000,0.000000,top
"SW5","RotaryEncoder_Switch","RotaryEncoder_Alps_EC11E-Switch_Vertical_H20mm",138.750000,-63.200000,0.000000,top
"U1","XIAO-RP2040-DIP","XIAO-RP2040-DIP",101.968500,-62.200000,90.000000,top
"U2","DM-OLED096-636","SSD1306-0.91-OLED-4pin-128x32",115.715000,-42.315000,0.000000,top
